<?xml version="1.0" encoding="UTF-8" ?>
<!DOCTYPE html>
<html expr:class='data:blog.languageDirection + &quot; no-js rwd&quot;' expr:dir='data:blog.languageDirection' xmlns='http://www.w3.org/1999/xhtml' xmlns:b='http://www.google.com/2005/gml/b' xmlns:data='http://www.google.com/2005/gml/data' xmlns:expr='http://www.google.com/2005/gml/expr'>
  <head>
    <meta charset='utf-8'/>
    <meta content='width=device-width, initial-scale=1, maximum-scale=1' name='viewport'/>
    <b:include data='blog' name='all-head-content'/>
    <title><data:blog.pageTitle/></title>
    <link href='//netdna.bootstrapcdn.com/font-awesome/3.1.1/css/font-awesome.min.css' rel='stylesheet'/>
    <link href='//fonts.googleapis.com/css?family=Oswald:400|Source+Sans+Pro:400,700,400italic,700italic' rel='stylesheet'/>
    <b:skin><![CDATA[
/* 2013, May 28 - Experimental layout framework by Taufik Nurrohman (http://gplus.to/tovic) */
html,body,div,span,object,iframe,h1,h2,h3,h4,h5,h6,p,blockquote,pre,abbr,address,cite,code,del,dfn,em,img,ins,kbd,q,samp,small,strong,sub,sup,var,b,i,dl,dt,dd,ol,ul,li,fieldset,form,label,legend,table,caption,tbody,tfoot,thead,tr,th,td,article,aside,canvas,details,figcaption,figure,footer,header,hgroup,menu,nav,section,summary,time,mark,audio,video{margin:0;padding:0;border:0;outline:none;font-size:100%;font:inherit;vertical-align:baseline}
*:focus{outline:none}
section,nav,article,aside,hgroup,header,footer{display:block}
time,mark{display:inline}
strong,b,dt,th,kbd{font-weight:bold}
em,i,dfn,caption{font-style:italic}
ins,u{text-decoration:underline}
del{text-decoration:line-through}
body{font:normal normal 12px/1.4 Arial,Sans-Serif;color:black;text-align:center}
h1,h2,h3,h4,h5,h6{font-weight:bold}
h1{font-size:315%}
h2{font-size:270%}
h3{font-size:200%}
h4{font-size:180%}
h5{font-size:150%}
h6{font-size:120%}
a{color:blue;text-decoration:none}
a:hover{text-decoration:underline}
a img{border:0}
abbr,acronym{border-bottom:1px dotted}
small{font-size:96%}
sup,sub{position:relative;top:-.4em;font-size:96%}
sub{top:.4em}
blockquote,q{quotes:none}
blockquote:before,blockquote:after,q:before,q:after{content:"";content:none}
blockquote{padding:0 0 0 20px;margin:0 10px;border-left:4px solid #eee}
p,ul,ol,dl,table,pre,blockquote,form,hr{margin:1.4em 0}
ul,ol,dd{margin-left:2em}
ul ul,ol ol,ul ol,ol ul{margin-top:0;margin-bottom:0;margin-left:1.5em}
ul{list-style:disc outside}
ol{list-style:decimal outside}
hr{height:0;border:none;background:none;border-top:1px solid}
table{border-collapse:collapse;border-spacing:0}
table caption{text-align:left}
table.bordered td,table.bordered th,table[border="1"] td,table[border="1"] th{border:1px solid;padding:.5em 1em;vertical-align:top}
input,button,select,textarea,.btn{font:inherit;color:inherit;line-height:normal;font-size:100%;background:none;border:none;padding:0;margin:0;-webkit-box-sizing:content-box;-moz-box-sizing:content-box;box-sizing:content-box;vertical-align:middle}
textarea{display:block;-webkit-box-sizing:border-box;-moz-box-sizing:border-box;box-sizing:border-box}
input::-moz-focus-inner,button::-moz-focus-inner{margin:0;padding:0;border:none;outline:none}
input[type="button"],input[type="submit"],input[type="reset"],select,button,label,a{cursor:pointer}
input,button,select,textarea,.btn{border:1px solid #ccc;background-color:white;padding:2px 2px;margin:0 0 3px}
.clear{display:block;clear:both}
.left{float:left}
.right{float:right}
.hidden{display:none}
.invisible{visibility:hidden}
.text-left{text-align:left}
.text-right{text-align:right}
.text-center{text-align:center}
.text-justify{text-align:justify}
.text-normal{font-style:normal;font-weight:normal;background:none;border:none;color:black;text-decoration:none}
.visually-hidden,.screen-reader{position:absolute!important;overflow:hidden;clip:rect(0px 0px 0px 0px);clip:rect(0px,0px,0px,0px);height:1px;width:1px;margin:-1px 0 0;padding:0;border:0}
.moderate-visually-hidden{position:absolute;top:-9999px;left:-9999px}
.no-flow{overflow:hidden}
.auto-flow{overflow:auto}
.scroll-flow{overflow:scroll}
.x-flow{overflow-x:auto}
.y-flow{overflow-y:auto}
.x-scroll{overflow-x:scroll}
.y-scroll{overflow-y:scroll}
.no-x-scroll{overflow-x:hidden}
.no-y-scroll{overflow-y:hidden}
.full-width{width:100%}
.half-width{width:50%}
.nav,.nav ul,.nav ol,.nav li{margin:0;padding:0;list-style:none}
.nav li{display:inline}
.cf{*zoom:1}
.cf:after{content:"";line-height:0;display:table;clear:both}

/* B1:A by Taufik Nurrohman (http://www.dte.web.id) */
body{background-color:#E3CEAB;font:normal normal 14px/1.5 "Source Sans Pro",Calibri,Segoe,"Segoe UI",Frutiger,"Frutiger Linotype","DeJavu Sans","Helvetica Neue",Arial,Sans-Serif;color:#333}
a{color:#214067}
a img,.post-thumbnail{padding:4px;background-color:#eee;border:1px solid #ddd}
h1,h2,h3,h4,h5,h6{font-weight:normal;font-family:Oswald,"Arial Narrow","Source Sans Pro",Calibri,Segoe,"Segoe UI",Frutiger,"Frutiger Linotype","DeJavu Sans","Helvetica Neue",Arial,Sans-Serif;color:#273E5F}
.widget{margin:0 0 2em}
.sidebar .widget ul,.sidebar .widget ol{margin-top:0}
.sidebar h2{font-size:120%;margin:0 0 .3em}
.popular-posts ul,.popular-posts li{margin:0;padding:0;list-style:none}
.popular-posts li{margin-bottom:.6em}
.popular-posts .item-thumbnail{width:72px;height:72px;float:left;border:4px solid #ddd;-webkit-border-radius:72px;-moz-border-radius:72px;border-radius:72px;overflow:hidden;margin:4px 10px 0 0}
.popular-posts .item-thumbnail img{float:none;display:block;margin:0 0;padding:0 0;border:none}
.popular-posts .item-title{font-weight:bold;font-size:120%}
#outer-wrapper{text-align:left;width:980px;background-color:#fafafa;margin:0 auto;-webkit-box-shadow:0 0 3px #5F5846;-moz-box-shadow:0 0 3px #5F5846;box-shadow:0 0 3px #5F5846}
#content-wrapper{margin-top:20px}
#site-header,#site-footer{background-color:#31588B;color:white;line-height:normal}
#site-header .inner,#site-footer .inner{padding:15px 20px}
#site-header h1,#site-header p,#site-header .widget{line-height:normal;margin:0}
#site-header h1{font-size:150%;text-transform:uppercase;letter-spacing:5px;color:white}
#site-header a,#site-footer a{color:#97ABC1}
#site-header a:hover,#site-footer a:hover{color:white}
#site-nav,#site-nav ul{background-color:#97ABC1;height:40px;color:#213E62;text-transform:uppercase}
#site-nav{border-bottom:2px solid #ddd}
#site-nav li{float:left;position:relative}
#site-nav a{display:block;height:40px;line-height:40px;padding:0 15px;color:inherit;white-space:nowrap;font-family:Oswald,"Arial Narrow","Source Sans Pro",Calibri,Segoe,"Segoe UI",Frutiger,"Frutiger Linotype","DeJavu Sans","Helvetica Neue",Arial,Sans-Serif;white-space:nowrap;text-overflow:ellipsis;overflow:hidden}
#site-nav a.home-menu,#site-nav a.home-menu:hover{background-color:#31588B;color:white;padding:0 10px;line-height:45px}
#site-nav a:hover,#site-nav li:hover>a{background-color:#6481A5;text-decoration:none;color:white}
#site-nav li ul{height:auto;position:absolute;z-index:999;top:-99999px;left:-99999px;width:170px;-webkit-box-shadow:0 1px 3px rgba(0,0,0,.4);-moz-box-shadow:0 1px 3px rgba(0,0,0,.4);box-shadow:0 1px 3px rgba(0,0,0,.4)}
.js #site-nav li ul{top:100%;left:0;display:none}
#site-nav li li{float:none;display:block}
#site-nav li li a{height:30px;line-height:30px;padding:0 10px}
.js #site-nav li li ul{top:0;left:100%}
.no-js #site-nav li:hover>ul{top:100%;left:0}
.no-js #site-nav li li:hover>ul{top:0;left:100%}
#site-nav .search-form{float:right;text-transform:none}
#site-nav .search-form form{margin:0;height:40px;line-height:40px;padding:0 14px}
#site-nav .search-form .text-input{width:150px;border-color:transparent}
#main-wrapper{width:65%}
#sidebar-wrapper{width:35%;line-height:normal;font-size:12px}
#sidebar-wrapper h2{background-color:#333;color:white;padding:5px 10px;margin:0 0 10px;border-top:4px solid #31588B}
#main-wrapper .inner,#sidebar-wrapper .inner{padding:0 20px}
input[type="button"],input[type="submit"],input[type="reset"],button,.btn,#site-nav .search-form .submit-button,input[type="button"]:hover,input[type="submit"]:hover,input[type="reset"]:hover,button:hover,.btn:hover,#site-nav .search-form .submit-button:hover{display:inline-block;*display:inline;background-color:#31588B;border-color:transparent;color:white;font-weight:bold;padding-left:6px;padding-right:6px;text-decoration:none}
input[type="button"]:hover,input[type="submit"]:hover,input[type="reset"]:hover,button:hover,.btn:hover,#site-nav .search-form .submit-button:hover{background-color:#273E5F}
.breadcrumb{border:1px solid #ddd;-webkit-border-radius:3px;-moz-border-radius:3px;border-radius:3px;height:24px;overflow:hidden;margin:0 0 20px;font-size:86%;font-weight:bold}
.breadcrumb li{float:left;border-right:1px solid #ddd}
.breadcrumb li a,.breadcrumb li span{display:block;height:24px;line-height:24px;padding:0 10px}
.date-header{color:inherit;font-size:110%;margin:0 0 10px;padding:0 0 10px;border-bottom:1px dashed #ddd}
.post{margin-bottom:10px}
.post-title{border-bottom:1px dashed #ddd;padding-bottom:10px}
.index .post-title{font-size:140%;padding:0;margin:0;border:none}
.post-body,.post-footer{margin-top:1.7em}
.index .post-body{margin-top:.5em}
.post-thumbnail{margin:.2em 1em 0 0}
pre,code{font:normal normal 12px/1.4 Consolas,"Andale Mono WT","Andale Mono","Lucida Console","Lucida Sans Typewriter","DejaVu Sans Mono","Bitstream Vera Sans Mono","Liberation Mono","Nimbus Mono L",Monaco,"Courier New",Courier,Monospace}
pre{background-color:#eee;padding:10px}
.comments{margin-top:2em}
.comments h4{text-transform:capitalize}
.comments ol,.comments ul,.comments li{margin:0;padding:0}
.comments .comments-content .icon.blog-author{background:transparent url('/favicon.ico') no-repeat 50% 50%;-webkit-background-size:100% 100%;-moz-background-size:100% 100%;-ms-background-size:100% 100%;-o-background-size:100% 100%;background-size:100% 100%}
.comments .continue a:before{font:normal normal 100%/normal "FontAwesome";content:"\f055";margin-right:.2em}
.comments .comments-content .comment-replies{background-color:white;border:1px solid #ddd}
.deleted-comment{color:#ccc}
@media (max-width:1024px){
  .rwd #outer-wrapper{width:98%}
}
@media (max-width:810px){
  .rwd #site-nav,.rwd #site-nav ul{height:auto}
  .rwd #site-nav a.home-menu,.rwd #site-nav a.home-menu:hover{background-color:#333;color:#31588B}
  .rwd #site-nav li{float:none;display:block}
  .rwd #main-wrapper,.rwd #sidebar-wrapper{float:none;display:block;width:auto;margin:20px}
  .rwd #main-wrapper .inner,.rwd #sidebar-wrapper .inner{margin:0;padding:0}
  .rwd #site-nav .search-form{float:none;display:block}
  .rwd #site-nav .search-form .text-input{width:50%}
  .rwd img{max-width:98%;height:auto}
  .rwd .separator.left,.rwd .separator.right{float:none;display:block;text-align:center}
}]]></b:skin>
	<!--[if IE]><script src='//html5shiv.googlecode.com/svn/trunk/html5.js' type='text/javascript'></script><![endif]-->
    <script>(function(h){h.className=h.className.replace(/( |^)no-js( |$)/,&quot;$1js$2&quot;)})(document.documentElement);</script>
    <script src='//ajax.googleapis.com/ajax/libs/jquery/2.0.0/jquery.min.js'/>
    <b:include data='blog' name='google-analytics'/>
  </head>
  <body expr:class='data:blog.pageType'>
    <div class='cf' id='outer-wrapper'>
      <header id='site-header'>
        <b:section class='header inner' id='header' maxwidgets='1' showaddelement='no'>
          <b:widget id='Header1' locked='true' title='DTE Copy (Header)' type='Header'>
            <b:includable id='main'>

  <b:if cond='data:useImage'>
    <b:if cond='data:imagePlacement == &quot;BEHIND&quot;'>
      <!--
      Show image as background to text. You can't really calculate the width
      reliably in JS because margins are not taken into account by any of
      clientWidth, offsetWidth or scrollWidth, so we don't force a minimum
      width if the user is using shrink to fit.
      This results in a margin-width's worth of pixels being cropped. If the
      user is not using shrink to fit then we expand the header.
      -->
      <b:if cond='data:mobile'>
          <div id='header-inner'>
            <div class='titlewrapper' style='background: transparent'>
              <h1 class='title' style='background: transparent; border-width: 0px'>
                <b:include name='title'/>
              </h1>
            </div>
            <b:include name='description'/>
          </div>
        <b:else/>
          <div expr:style='&quot;background-image: url(\&quot;&quot; + data:sourceUrl + &quot;\&quot;); &quot;                        + &quot;background-position: &quot;                        + data:backgroundPositionStyleStr + &quot;; &quot;                        + data:widthStyleStr                        + &quot;min-height: &quot; + data:height                        + &quot;_height: &quot; + data:height                        + &quot;background-repeat: no-repeat; &quot;' id='header-inner'>
            <div class='titlewrapper' style='background: transparent'>
              <h1 class='title' style='background: transparent; border-width: 0px'>
                <b:include name='title'/>
              </h1>
            </div>
            <b:include name='description'/>
          </div>
        </b:if>
    <b:else/>
      <!--Show the image only-->
      <div id='header-inner'>
        <a expr:href='data:blog.homepageUrl' style='display: block'>
          <img expr:alt='data:title' expr:height='data:height' expr:id='data:widget.instanceId + &quot;_headerimg&quot;' expr:src='data:sourceUrl' expr:width='data:width' style='display: block'/>
        </a>
        <!--Show the description-->
        <b:if cond='data:imagePlacement == &quot;BEFORE_DESCRIPTION&quot;'>
          <b:include name='description'/>
        </b:if>
      </div>
    </b:if>
  <b:else/>
    <!--No header image -->
    <div id='header-inner'>
      <h1 class='title'>
        <b:include name='title'/>
      </h1>
      <b:include name='description'/>
    </div>
  </b:if>
</b:includable>
            <b:includable id='description'>
              <div class='site-header-description'><data:description/></div>
			</b:includable>
            <b:includable id='title'>
  <b:if cond='data:blog.url == data:blog.homepageUrl'>
    <data:title/>
  <b:else/>
    <a expr:href='data:blog.homepageUrl'><data:title/></a>
  </b:if>
</b:includable>
          </b:widget>
        </b:section>
      </header>
      <nav class='nav' id='site-nav'>
        <ul>
          <li><a class='home-menu' expr:href='data:blog.homepageUrl' title='Home'><i class='icon-home icon-2x'/><span class='screen-reader'> Home</span></a></li>
          <li><a href='#'>About</a></li>
          <li><a href='#'>Archive</a></li>
          <li><a href='#'>Contact</a></li>
          <li class='search-form'>
            <form expr:action='data:blog.homepageUrl + &quot;search&quot;'>
              <input class='text-input' name='q' type='text'/>
              <button class='submit-button' type='submit'><i class='icon-search'/> Search</button>
            </form>
          </li>
          <!--
          <li><a href='#'>Submenus <i class='icon-angle-down'/></a>
            <ul>
              <li><a href='#'>Submenu 1</a></li>
              <li><a href='#'>Submenu 2</a></li>
              <li><a href='#'>Submenu 3</a></li>
              <li><a href='#'>Submenu 4 <i class='icon-angle-right'/></a>
                <ul>
                  <li><a href='#'>Submenu 4.1</a></li>
                  <li><a href='#'>Submenu 4.2</a></li>
                  <li><a href='#'>Submenu 4.3</a></li>
                </ul>
              </li>
              <li><a href='#'>Submenu 5</a></li>
            </ul>
          </li>
          -->
        </ul>
      </nav>
      <div id='content-wrapper'>
      	<b:section class='cross-col clear' id='crosscol' showaddelement='yes'/>
        <div class='left' id='main-wrapper'>
          <b:section class='main inner' id='main' showaddelement='yes'>
            <b:widget id='Blog1' locked='true' title='Blog Posts' type='Blog'>
              <b:includable id='main' var='top'>
  <b:if cond='data:mobile == &quot;false&quot;'>

    <!-- posts -->
    <div class='blog-posts hfeed'>

      <b:include data='top' name='status-message'/>

      <data:defaultAdStart/>
      <b:loop values='data:posts' var='post'>
        <b:if cond='data:post.isDateStart'>
          <b:if cond='data:post.isFirstPost == &quot;false&quot;'>
            &lt;/div&gt;&lt;/div&gt;
          </b:if>
        </b:if>
        <b:if cond='data:post.isDateStart'>
          &lt;div class=&quot;date-outer&quot;&gt;
        </b:if>
        <b:if cond='data:post.dateHeader'>
          <h2 class='date-header'><span><i class='icon-calendar'/> <data:post.dateHeader/></span></h2>
        </b:if>
        <b:if cond='data:post.isDateStart'>
          &lt;div class=&quot;date-posts&quot;&gt;
        </b:if>
        <div class='post-outer'>
        <b:include data='post' name='post'/>
        <b:if cond='data:blog.pageType == &quot;static_page&quot;'>
          <b:include data='post' name='comment_picker'/>
        </b:if>
        <b:if cond='data:blog.pageType == &quot;item&quot;'>
          <b:include data='post' name='comment_picker'/>
        </b:if>
        </div>
        <b:if cond='data:post.includeAd'>
          <b:if cond='data:post.isFirstPost'>
            <data:defaultAdEnd/>
          <b:else/>
            <data:adEnd/>
          </b:if>
          <div class='inline-ad'>
            <data:adCode/>
          </div>
          <data:adStart/>
        </b:if>
      </b:loop>
      <b:if cond='data:numPosts != 0'>
        &lt;/div&gt;&lt;/div&gt;
      </b:if>
      <data:adEnd/>
    </div>

    <!-- navigation -->
    <b:include name='nextprev'/>

    <!-- feed links -->
    <b:include name='feedLinks'/>

    <b:if cond='data:top.showStars'>
      <script src='//www.google.com/jsapi' type='text/javascript'/>
      <script type='text/javascript'>
        google.load(&quot;annotations&quot;, &quot;1&quot;, {&quot;locale&quot;: &quot;<data:top.languageCode/>&quot;});
        function initialize() {
          google.annotations.setApplicationId(<data:top.blogspotReviews/>);
          google.annotations.createAll();
          google.annotations.fetch();
        }
        google.setOnLoadCallback(initialize);
      </script>
    </b:if>

  <b:else/>
    <b:include name='mobile-main'/>
  </b:if>

  <b:if cond='data:top.showDummy'>
    <data:top.dummyBootstrap/>
  </b:if>

</b:includable>
              <b:includable id='backlinkDeleteIcon' var='backlink'>
  <span expr:class='&quot;item-control &quot; + data:backlink.adminClass'>
    <a expr:href='data:backlink.deleteUrl' expr:title='data:top.deleteBacklinkMsg'>
      <img src='//www.blogger.com/img/icon_delete13.gif'/>
    </a>
  </span>
</b:includable>
              <b:includable id='backlinks' var='post'>
  <a name='links'/><h4><data:post.backlinksLabel/></h4>
  <b:if cond='data:post.numBacklinks != 0'>
    <dl class='comments-block' id='comments-block'>
      <b:loop values='data:post.backlinks' var='backlink'>
        <div class='collapsed-backlink backlink-control'>
          <dt class='comment-title'>
            <span class='backlink-toggle-zippy'>&#160;</span>
            <a expr:href='data:backlink.url' rel='nofollow'><data:backlink.title/></a>
            <b:include data='backlink' name='backlinkDeleteIcon'/>
          </dt>
          <dd class='comment-body collapseable'>
            <data:backlink.snippet/>
          </dd>
          <dd class='comment-footer collapseable'>
            <span class='comment-author'><data:post.authorLabel/> <data:backlink.author/></span>
            <span class='comment-timestamp'><data:post.timestampLabel/> <data:backlink.timestamp/></span>
          </dd>
        </div>
      </b:loop>
    </dl>
  </b:if>
  <p class='comment-footer'>
    <a class='comment-link' expr:href='data:post.createLinkUrl' expr:id='data:widget.instanceId + &quot;_backlinks-create-link&quot;' target='_blank'><data:post.createLinkLabel/></a>
  </p>
</b:includable>
              <b:includable id='breadcrumb' var='post'>
                <b:if cond='data:blog.pageType == &quot;item&quot;'>
                  <ul class='nav breadcrumb'>
                    <li><a expr:href='data:blog.homepageUrl'><i class='icon-home'/> <data:homeMsg/></a></li>
                    <li>
                      <b:loop values='data:post.labels' var='label'>
                        <b:if cond='data:label.isLast'><a expr:href='data:label.url'><i class='icon-tag'/> <data:label.name/></a></b:if>
                      </b:loop>
                    </li>
                    <li>
                      <span><i class='icon-eye-open'/> <data:post.title/></span>
                    </li>
                  </ul>
                </b:if>
              </b:includable>
              <b:includable id='comment-form' var='post'>
  <div class='comment-form'>
    <a name='comment-form'/>
    <b:if cond='data:mobile'>
      <h4 id='comment-post-message'>
        <a expr:id='data:widget.instanceId + &quot;_comment-editor-toggle-link&quot;' href='javascript:void(0)'><data:postCommentMsg/></a></h4>
      <p><data:blogCommentMessage/></p>
      <data:blogTeamBlogMessage/>
      <a expr:href='data:post.commentFormIframeSrc' id='comment-editor-src'/>
      <iframe allowtransparency='true' class='blogger-iframe-colorize blogger-comment-from-post' frameborder='0' height='410' id='comment-editor' name='comment-editor' src='' style='display: none' width='100%'/>
    <b:else/>
      <h4 id='comment-post-message'><data:postCommentMsg/></h4>
      <p><data:blogCommentMessage/></p>
      <data:blogTeamBlogMessage/>
      <a expr:href='data:post.commentFormIframeSrc' id='comment-editor-src'/>
      <iframe allowtransparency='true' class='blogger-iframe-colorize blogger-comment-from-post' frameborder='0' height='410' id='comment-editor' name='comment-editor' src='' width='100%'/>
    </b:if>
    <data:post.friendConnectJs/>
    <data:post.cmtfpIframe/>
    <script type='text/javascript'>
      BLOG_CMT_createIframe(&#39;<data:post.appRpcRelayPath/>&#39;, &#39;<data:post.communityId/>&#39;);
    </script>
  </div>
</b:includable>
              <b:includable id='commentDeleteIcon' var='comment'>
  <span expr:class='&quot;item-control &quot; + data:comment.adminClass'>
    <b:if cond='data:showCmtPopup'>
      <div class='goog-toggle-button'>
        <div class='goog-inline-block comment-action-icon'/>
      </div>
    <b:else/>
      <a class='comment-delete' expr:href='data:comment.deleteUrl' expr:title='data:top.deleteCommentMsg'>
        <img src='//www.blogger.com/img/icon_delete13.gif'/>
      </a>
    </b:if>
  </span>
</b:includable>
              <b:includable id='comment_count_picker' var='post'>
  <b:if cond='data:post.forceIframeComments'>
    <span class='cmt_count_iframe_holder' expr:data-count='data:post.numComments' expr:data-onclick='data:post.addCommentOnclick' expr:data-post-url='data:post.url' expr:data-url='data:post.canonicalUrl'>
    </span>
  <b:else/>
    <b:if cond='data:post.commentSource == 1'>
      <span class='cmt_count_iframe_holder' expr:data-count='data:post.numComments' expr:data-onclick='data:post.addCommentOnclick' expr:data-post-url='data:post.url' expr:data-url='data:post.canonicalUrl'>
      </span>
    <b:else/>
      <a class='comment-link' expr:href='data:post.addCommentUrl' expr:onclick='data:post.addCommentOnclick'>
        <i class='icon-comments'/> <data:post.commentLabelFull/>
      </a>
    </b:if>
  </b:if>
</b:includable>
              <b:includable id='comment_picker' var='post'>
  <b:if cond='data:post.forceIframeComments'>
    <b:include data='post' name='iframe_comments'/>
    <b:if cond='data:post.showThreadedComments'>
      <b:include data='post' name='threaded_comments'/>
    <b:else/>
      <b:include data='post' name='comments'/>
    </b:if>
  <b:else/>
    <b:if cond='data:post.commentSource == 1'>
      <b:include data='post' name='iframe_comments'/>
    <b:else/>
      <b:if cond='data:post.showThreadedComments'>
        <b:include data='post' name='threaded_comments'/>
      <b:else/>
        <b:include data='post' name='comments'/>
      </b:if>
    </b:if>
  </b:if>
</b:includable>
              <b:includable id='comments' var='post'>
  <div class='comments' id='comments'>
    <a name='comments'/>
    <b:if cond='data:post.allowComments'>
      <h4><i class='icon-comments'/> <data:post.commentLabelFull/></h4>

      <b:if cond='data:post.commentPagingRequired'>
        <span class='paging-control-container'>
          <b:if cond='data:post.hasOlderLinks'>
            <a expr:class='data:post.oldLinkClass' expr:href='data:post.oldestLinkUrl'><data:post.oldestLinkText/></a>
              &#160;
            <a expr:class='data:post.oldLinkClass' expr:href='data:post.olderLinkUrl'><data:post.olderLinkText/></a>
              &#160;
          </b:if>

          <data:post.commentRangeText/>

          <b:if cond='data:post.hasNewerLinks'>
            &#160;
            <a expr:class='data:post.newLinkClass' expr:href='data:post.newerLinkUrl'><data:post.newerLinkText/></a>
            &#160;
            <a expr:class='data:post.newLinkClass' expr:href='data:post.newestLinkUrl'><data:post.newestLinkText/></a>
          </b:if>
        </span>
      </b:if>

      <div expr:id='data:widget.instanceId + &quot;_comments-block-wrapper&quot;'>
        <dl expr:class='data:post.avatarIndentClass' id='comments-block'>
          <b:loop values='data:post.comments' var='comment'>
            <dt expr:class='&quot;comment-author &quot; + data:comment.authorClass' expr:id='data:comment.anchorName'>
              <b:if cond='data:comment.favicon'>
                <img expr:src='data:comment.favicon' height='16px' style='margin-bottom:-2px;' width='16px'/>
              </b:if>
              <a expr:name='data:comment.anchorName'/>
              <b:if cond='data:blog.enabledCommentProfileImages'>
                <data:comment.authorAvatarImage/>
              </b:if>
              <b:if cond='data:comment.authorUrl'>
                <a expr:href='data:comment.authorUrl' rel='nofollow'><data:comment.author/></a>
              <b:else/>
                <data:comment.author/>
              </b:if>
              <data:commentPostedByMsg/>
            </dt>
            <dd class='comment-body' expr:id='data:widget.instanceId + data:comment.cmtBodyIdPostfix'>
              <b:if cond='data:comment.isDeleted'>
                <span class='deleted-comment'><data:comment.body/></span>
              <b:else/>
                <p>
                  <data:comment.body/>
                </p>
              </b:if>
            </dd>
            <dd class='comment-footer'>
              <span class='comment-timestamp'>
                <a expr:href='data:comment.url' title='comment permalink'>
                  <data:comment.timestamp/>
                </a>
                <b:include data='comment' name='commentDeleteIcon'/>
              </span>
            </dd>
          </b:loop>
        </dl>
      </div>

      <b:if cond='data:post.commentPagingRequired'>
        <span class='paging-control-container'>
          <a expr:class='data:post.oldLinkClass' expr:href='data:post.oldestLinkUrl'>
            <data:post.oldestLinkText/>
          </a>
          <a expr:class='data:post.oldLinkClass' expr:href='data:post.olderLinkUrl'>
            <data:post.olderLinkText/>
          </a>
          &#160;
          <data:post.commentRangeText/>
          &#160;
          <a expr:class='data:post.newLinkClass' expr:href='data:post.newerLinkUrl'>
            <data:post.newerLinkText/>
          </a>
          <a expr:class='data:post.newLinkClass' expr:href='data:post.newestLinkUrl'>
            <data:post.newestLinkText/>
          </a>
        </span>
      </b:if>

      <p class='comment-footer'>
        <b:if cond='data:post.embedCommentForm'>
          <b:if cond='data:post.allowNewComments'>
            <b:include data='post' name='comment-form'/>
          <b:else/>
            <data:post.noNewCommentsText/>
          </b:if>
        <b:else/>
          <b:if cond='data:post.allowComments'>
            <a expr:href='data:post.addCommentUrl' expr:onclick='data:post.addCommentOnclick'><data:postCommentMsg/></a>
          </b:if>
        </b:if>

      </p>
    </b:if>
    <b:if cond='data:showCmtPopup'>
      <div id='comment-popup'>
        <iframe allowtransparency='true' frameborder='0' id='comment-actions' name='comment-actions' scrolling='no'>
        </iframe>
      </div>
    </b:if>

    <div id='backlinks-container'>
    <div expr:id='data:widget.instanceId + &quot;_backlinks-container&quot;'>
       <b:if cond='data:post.showBacklinks'>
         <b:include data='post' name='backlinks'/>
       </b:if>
    </div>
    </div>
  </div>
</b:includable>
              <b:includable id='feedLinks'>
  <b:if cond='data:blog.pageType != &quot;item&quot;'> <!-- Blog feed links -->
    <b:if cond='data:feedLinks'>
      <div class='blog-feeds'>
        <b:include data='feedLinks' name='feedLinksBody'/>
      </div>
    </b:if>

    <b:else/> <!--Post feed links -->
    <div class='post-feeds'>
      <b:loop values='data:posts' var='post'>
        <b:if cond='data:post.allowComments'>
          <b:if cond='data:post.feedLinks'>
            <b:include data='post.feedLinks' name='feedLinksBody'/>
          </b:if>
        </b:if>
      </b:loop>
    </div>
  </b:if>
</b:includable>
              <b:includable id='feedLinksBody' var='links'>
  <div class='feed-links'>
  <data:feedLinksMsg/>
  <b:loop values='data:links' var='f'>
     <a class='feed-link' expr:href='data:f.url' expr:type='data:f.mimeType' target='_blank'><data:f.name/> (<data:f.feedType/>)</a>
  </b:loop>
  </div>
</b:includable>
              <b:includable id='iframe_comments' var='post'>

  <b:if cond='data:post.allowIframeComments'>
    <script expr:src='data:post.iframeCommentSrc' type='text/javascript'/>
    <div class='cmt_iframe_holder' expr:data-href='data:post.canonicalUrl' expr:data-viewtype='data:post.viewType'/>

    <b:if cond='data:post.embedCommentForm == &quot;false&quot;'>
      <a expr:href='data:post.addCommentUrl' expr:onclick='data:post.addCommentOnclick'><data:postCommentMsg/></a>
    </b:if>
  </b:if>
</b:includable>
              <b:includable id='mobile-index-post' var='post'>
  <div class='mobile-date-outer date-outer'>
    <b:if cond='data:post.dateHeader'>
      <div class='date-header'>
        <span><data:post.dateHeader/></span>
      </div>
    </b:if>

    <div class='mobile-post-outer'>
      <a expr:href='data:post.url'>
        <h3 class='mobile-index-title entry-title' itemprop='name'>
          <data:post.title/>
        </h3>

        <div class='mobile-index-arrow'>&amp;rsaquo;</div>

        <div class='mobile-index-contents'>
          <b:if cond='data:post.thumbnailUrl'>
            <div class='mobile-index-thumbnail'>
              <div class='Image'>
                <img expr:src='data:post.thumbnailUrl'/>
              </div>
            </div>
          </b:if>

          <div class='post-body'>
            <b:if cond='data:post.snippet'><data:post.snippet/></b:if>
          </div>
        </div>

        <div style='clear: both;'/>
      </a>

      <div class='mobile-index-comment'>
        <b:if cond='data:blog.pageType != &quot;static_page&quot;'>
          <b:if cond='data:post.allowComments'>
            <b:if cond='data:post.numComments != 0'>
              <b:include data='post' name='comment_count_picker'/>
            </b:if>
          </b:if>
        </b:if>
      </div>
    </div>
  </div>
</b:includable>
              <b:includable id='mobile-main' var='top'>
    <!-- posts -->
    <div class='blog-posts hfeed'>

      <b:include data='top' name='status-message'/>

      <b:if cond='data:blog.pageType == &quot;index&quot;'>
        <b:loop values='data:posts' var='post'>
          <b:include data='post' name='mobile-index-post'/>
        </b:loop>
      <b:else/>
        <b:loop values='data:posts' var='post'>
          <b:include data='post' name='mobile-post'/>
        </b:loop>
      </b:if>
    </div>

   <b:include name='mobile-nextprev'/>
</b:includable>
              <b:includable id='mobile-nextprev'>
  <div class='blog-pager' id='blog-pager'>
    <b:if cond='data:newerPageUrl'>
      <div class='mobile-link-button' id='blog-pager-newer-link'>
      <a class='blog-pager-newer-link' expr:href='data:newerPageUrl' expr:id='data:widget.instanceId + &quot;_blog-pager-newer-link&quot;' expr:title='data:newerPageTitle'>&amp;lsaquo;</a>
      </div>
    </b:if>

    <b:if cond='data:olderPageUrl'>
      <div class='mobile-link-button' id='blog-pager-older-link'>
      <a class='blog-pager-older-link' expr:href='data:olderPageUrl' expr:id='data:widget.instanceId + &quot;_blog-pager-older-link&quot;' expr:title='data:olderPageTitle'>&amp;rsaquo;</a>
      </div>
    </b:if>

    <div class='mobile-link-button' id='blog-pager-home-link'>
    <a class='home-link' expr:href='data:blog.homepageUrl'><data:homeMsg/></a>
    </div>

    <div class='mobile-desktop-link'>
      <a class='home-link' expr:href='data:desktopLinkUrl'><data:desktopLinkMsg/></a>
    </div>

  </div>
  <div class='clear'/>
</b:includable>
              <b:includable id='mobile-post' var='post'>
  <div class='date-outer'>
    <b:if cond='data:post.dateHeader'>
      <h2 class='date-header'><span><data:post.dateHeader/></span></h2>
    </b:if>
    <div class='date-posts'>
      <div class='post-outer'>

        <article class='post hentry uncustomized-post-template' itemscope='itemscope' itemtype='http://schema.org/BlogPosting'>
          <b:if cond='data:post.thumbnailUrl'>
            <meta expr:content='data:post.thumbnailUrl' itemprop='image_url'/>
          </b:if>
          <meta expr:content='data:blog.blogId' itemprop='blogId'/>
          <meta expr:content='data:post.id' itemprop='postId'/>

          <a expr:name='data:post.id'/>
          <b:if cond='data:post.title'>
            <h3 class='post-title entry-title' itemprop='name'>
              <b:if cond='data:post.link'>
                <a expr:href='data:post.link'><data:post.title/></a>
              <b:else/>
                <b:if cond='data:post.url'>
                  <b:if cond='data:blog.url != data:post.url'>
                    <a expr:href='data:post.url'><data:post.title/></a>
                  <b:else/>
                    <data:post.title/>
                  </b:if>
                <b:else/>
                  <data:post.title/>
                </b:if>
              </b:if>
            </h3>
          </b:if>

          <div class='post-header'>
            <div class='post-header-line-1'/>
          </div>

          <div class='post-body entry-content' expr:id='&quot;post-body-&quot; + data:post.id' itemprop='articleBody'>
            <data:post.body/>
            <div class='clear'/> <!-- clear for photos floats -->
          </div>

          <footer class='post-footer'>
            <div class='post-footer-line post-footer-line-1'>
              <span class='post-author vcard'>
                <b:if cond='data:top.showAuthor'>
                  <b:if cond='data:post.authorProfileUrl'>
                    <span class='fn' itemprop='author' itemscope='itemscope' itemtype='http://schema.org/Person'>
                      <meta expr:content='data:post.authorProfileUrl' itemprop='url'/>
                      <a expr:href='data:post.authorProfileUrl' rel='author' title='author profile'>
                        <i class='icon-user'/> <span itemprop='name'><data:post.author/></span>
                      </a>
                    </span>
                  <b:else/>
                    <span class='fn' itemprop='author' itemscope='itemscope' itemtype='http://schema.org/Person'>
                      <i class='icon-user'/> <span itemprop='name'><data:post.author/></span>
                    </span>
                  </b:if>
                </b:if>
              </span>

              <span class='post-timestamp'>
                <b:if cond='data:top.showTimestamp'>
                  <data:top.timestampLabel/>
                  <b:if cond='data:post.url'>
                    <meta expr:content='data:post.canonicalUrl' itemprop='url'/>
                    <a class='timestamp-link' expr:href='data:post.url' rel='bookmark' title='permanent link'><i class='icon-time'/> <abbr class='published' expr:title='data:post.timestampISO8601' itemprop='datePublished'><data:post.timestamp/></abbr></a>
                  </b:if>
                </b:if>
              </span>

            </div>

            <div class='post-footer-line post-footer-line-2'>
              <b:if cond='data:top.showMobileShare'>
                <div class='mobile-link-button goog-inline-block' id='mobile-share-button'>
                  <a href='javascript:void(0);'><data:shareMsg/></a>
                </div>
              </b:if>
              <b:if cond='data:top.showDummy'>
                <div class='goog-inline-block dummy-container'><data:post.dummyTag/></div>
              </b:if>
            </div>

          </footer>
        </article>

        <b:if cond='data:blog.pageType == &quot;static_page&quot;'>
          <b:include data='post' name='comment_picker'/>
        </b:if>
        <b:if cond='data:blog.pageType == &quot;item&quot;'>
          <b:include data='post' name='comment_picker'/>
        </b:if>
      </div>
    </div>
  </div>
</b:includable>
              <b:includable id='nextprev'>
  <div class='blog-pager' id='blog-pager'>
    <b:if cond='data:newerPageUrl'>
      <span id='blog-pager-newer-link'>
        <a class='blog-pager-newer-link' expr:href='data:newerPageUrl' expr:id='data:widget.instanceId + &quot;_blog-pager-newer-link&quot;' expr:title='data:newerPageTitle'><i class='icon-angle-left'/> <data:newerPageTitle/></a>
      </span>
    </b:if>

    <b:if cond='data:olderPageUrl'>
      <span id='blog-pager-older-link'>
        <a class='blog-pager-older-link' expr:href='data:olderPageUrl' expr:id='data:widget.instanceId + &quot;_blog-pager-older-link&quot;' expr:title='data:olderPageTitle'><data:olderPageTitle/> <i class='icon-angle-right'/></a>
      </span>
    </b:if>

    <a class='home-link' expr:href='data:blog.homepageUrl'><i class='icon-home'/> <data:homeMsg/></a>

    <b:if cond='data:mobileLinkUrl'>
      <div class='blog-mobile-link'>
        <a expr:href='data:mobileLinkUrl'><data:mobileLinkMsg/></a>
      </div>
    </b:if>

  </div>
  <div class='clear'/>
</b:includable>
              <b:includable id='post' var='post'>
                <b:include data='post' name='breadcrumb'/>
  <article class='post hentry' itemprop='blogPost' itemscope='itemscope' itemtype='http://schema.org/BlogPosting'>
    <b:if cond='data:post.firstImageUrl'>
      <meta expr:content='data:post.firstImageUrl' itemprop='image_url'/>
    </b:if>
    <meta expr:content='data:blog.blogId' itemprop='blogId'/>
    <meta expr:content='data:post.id' itemprop='postId'/>

    <b:if cond='data:post.title'>
      <h3 class='post-title entry-title' itemprop='name'>
      <b:if cond='data:post.link'>
        <a expr:href='data:post.link'><data:post.title/></a>
      <b:else/>
        <b:if cond='data:post.url'>
          <b:if cond='data:blog.url != data:post.url'>
            <a expr:href='data:post.url'><data:post.title/></a>
          <b:else/>
            <data:post.title/>
          </b:if>
        <b:else/>
          <data:post.title/>
        </b:if>
      </b:if>
      </h3>
    </b:if>

    <div class='post-header'>
    <div class='post-header-line-1'/>
    </div>

    <b:if cond='data:blog.metaDescription == &quot;&quot;'>
      <!-- Then use the post body as the schema.org description,
          for good G+/FB snippeting. -->
      <div class='post-body entry-content' expr:id='&quot;post-body-&quot; + data:post.id' itemprop='description articleBody'>
        <b:if cond='data:blog.pageType == &quot;item&quot;'>
          	<data:post.body/>
          <b:else/>
          	<b:if cond='data:blog.pageType == &quot;static_page&quot;'>
         	  <data:post.body/>
            </b:if>
        </b:if>
        <b:if cond='data:blog.pageType != &quot;static_page&quot;'>
          <b:if cond='data:blog.pageType != &quot;item&quot;'>
            <b:if cond='data:post.thumbnailUrl'><img class='post-thumbnail left' expr:alt='data:post.title' expr:src='data:post.thumbnailUrl' height='72' width='72'/></b:if>
            <b:if cond='data:post.snippet'><data:post.snippet/></b:if>
            <div class='jump-link cf'>
              <a class='btn right' expr:href='data:post.url + &quot;#more&quot;' expr:title='data:post.title'><i class='icon-chevron-sign-right'/> <data:post.jumpText/></a>
            </div>
          </b:if>
        </b:if>
        <div class='clear'/> <!-- clear for photos floats -->
      </div>
    <b:else/>
      <div class='post-body entry-content' expr:id='&quot;post-body-&quot; + data:post.id' itemprop='articleBody'>
        <b:if cond='data:blog.pageType == &quot;item&quot;'>
          	<data:post.body/>
          <b:else/>
          	<b:if cond='data:blog.pageType == &quot;static_page&quot;'>
         	  <data:post.body/>
            </b:if>
        </b:if>
        <b:if cond='data:blog.pageType != &quot;static_page&quot;'>
          <b:if cond='data:blog.pageType != &quot;item&quot;'>
            <b:if cond='data:post.thumbnailUrl'><img class='post-thumbnail left' expr:alt='data:post.title' expr:src='data:post.thumbnailUrl' height='72' width='72'/></b:if>
            <b:if cond='data:post.snippet'><data:post.snippet/></b:if>
            <div class='jump-link cf'>
              <a class='btn right' expr:href='data:post.url + &quot;#more&quot;' expr:title='data:post.title'><i class='icon-chevron-sign-right'/> <data:post.jumpText/></a>
            </div>
          </b:if>
        </b:if>
        <div class='clear'/> <!-- clear for photos floats -->
      </div>
    </b:if>

    <b:if cond='data:blog.pageType != &quot;index&quot;'>
      <footer class='post-footer'>
      <div class='post-footer-line post-footer-line-1'><span class='post-author vcard'>
          <b:if cond='data:top.showAuthor'>
            <data:top.authorLabel/>
              <b:if cond='data:post.authorProfileUrl'>
                <span class='fn' itemprop='author' itemscope='itemscope' itemtype='http://schema.org/Person'>
                  <meta expr:content='data:post.authorProfileUrl' itemprop='url'/>
                  <a class='g-profile' expr:href='data:post.authorProfileUrl' rel='author' title='author profile'><i class='icon-user'/> <span itemprop='name'><data:post.author/></span></a>
                </span> 
              <b:else/>
                <span class='fn' itemprop='author' itemscope='itemscope' itemtype='http://schema.org/Person'>
                  <i class='icon-user'/> <span itemprop='name'><data:post.author/></span>
                </span>
              </b:if>
          </b:if>
        </span> <span class='post-timestamp'>
          <b:if cond='data:top.showTimestamp'>
            <data:top.timestampLabel/>
          <b:if cond='data:post.url'>
            <meta expr:content='data:post.canonicalUrl' itemprop='url'/>
            <a class='timestamp-link' expr:href='data:post.url' rel='bookmark' title='permanent link'><i class='icon-time'/> <abbr class='published' expr:title='data:post.timestampISO8601' itemprop='datePublished'><data:post.timestamp/></abbr></a>
          </b:if>
          </b:if>
        </span> <span class='post-icons'>
          <!-- email post links -->
          <b:if cond='data:post.emailPostUrl'>
            <span class='item-action'>
            <a expr:href='data:post.emailPostUrl' expr:title='data:top.emailPostMsg'>
                <img alt='' class='icon-action' height='13' src='http://img1.blogblog.com/img/icon18_email.gif' width='18'/>
            </a>
            </span>
          </b:if>
  
          <!-- quickedit pencil -->
          <b:include data='post' name='postQuickEdit'/>
        </span> <div class='post-share-buttons goog-inline-block'>
          <b:if cond='data:post.sharePostUrl'>
            <b:include data='post' name='shareButtons'/>
          </b:if>
        </div> </div>
  
        <div class='post-footer-line post-footer-line-2'><span class='post-labels'>
          <b:if cond='data:post.labels'>
            <i class='icon-tags'/> <data:postLabelsLabel/>
            <b:loop values='data:post.labels' var='label'>
              <a expr:href='data:label.url' rel='tag'><data:label.name/></a><b:if cond='data:label.isLast != &quot;true&quot;'>,</b:if>
            </b:loop>
          </b:if>
        </span> </div>
  
        <div class='post-footer-line post-footer-line-3'><span class='post-location'>
          <b:if cond='data:top.showLocation'>
            <b:if cond='data:post.location'>
              <data:postLocationLabel/>
              <a expr:href='data:post.location.mapsUrl' target='_blank'><data:post.location.name/></a>
            </b:if>
          </b:if>
        </span> </div>
      </footer>
    </b:if>
  </article>
</b:includable>
              <b:includable id='postQuickEdit' var='post'>
  <b:if cond='data:post.editUrl'>
    <span expr:class='&quot;item-control &quot; + data:post.adminClass'>
      <a expr:href='data:post.editUrl' expr:title='data:top.editPostMsg'>
        <img alt='' class='icon-action' height='18' src='http://img2.blogblog.com/img/icon18_edit_allbkg.gif' width='18'/>
      </a>
    </span>
  </b:if>
</b:includable>
              <b:includable id='shareButtons' var='post'>
  <b:if cond='data:top.showEmailButton'><a class='goog-inline-block share-button sb-email' expr:href='data:post.sharePostUrl + &quot;&amp;target=email&quot;' expr:title='data:top.emailThisMsg' target='_blank'><span class='share-button-link-text'><data:top.emailThisMsg/></span></a></b:if><b:if cond='data:top.showBlogThisButton'><a class='goog-inline-block share-button sb-blog' expr:href='data:post.sharePostUrl + &quot;&amp;target=blog&quot;' expr:onclick='&quot;window.open(this.href, \&quot;_blank\&quot;, \&quot;height=270,width=475\&quot;); return false;&quot;' expr:title='data:top.blogThisMsg' target='_blank'><span class='share-button-link-text'><data:top.blogThisMsg/></span></a></b:if><b:if cond='data:top.showTwitterButton'><a class='goog-inline-block share-button sb-twitter' expr:href='data:post.sharePostUrl + &quot;&amp;target=twitter&quot;' expr:title='data:top.shareToTwitterMsg' target='_blank'><span class='share-button-link-text'><data:top.shareToTwitterMsg/></span></a></b:if><b:if cond='data:top.showFacebookButton'><a class='goog-inline-block share-button sb-facebook' expr:href='data:post.sharePostUrl + &quot;&amp;target=facebook&quot;' expr:onclick='&quot;window.open(this.href, \&quot;_blank\&quot;, \&quot;height=430,width=640\&quot;); return false;&quot;' expr:title='data:top.shareToFacebookMsg' target='_blank'><span class='share-button-link-text'><data:top.shareToFacebookMsg/></span></a></b:if><b:if cond='data:top.showOrkutButton'><a class='goog-inline-block share-button sb-orkut' expr:href='data:post.sharePostUrl + &quot;&amp;target=orkut&quot;' expr:title='data:top.shareToOrkutMsg' target='_blank'><span class='share-button-link-text'><data:top.shareToOrkutMsg/></span></a></b:if><b:if cond='data:top.showDummy'><div class='goog-inline-block dummy-container'><data:post.dummyTag/></div></b:if>
</b:includable>
              <b:includable id='status-message'>
  <b:if cond='data:navMessage'>
  <div class='status-msg-wrap'>
    <div class='status-msg-body'>
      <data:navMessage/>
    </div>
    <div class='status-msg-border'>
      <div class='status-msg-bg'>
        <div class='status-msg-hidden'><data:navMessage/></div>
      </div>
    </div>
  </div>
  <div style='clear: both;'/>
  </b:if>
</b:includable>
              <b:includable id='threaded-comment-form' var='post'>
  <div class='comment-form'>
    <a name='comment-form'/>
    <b:if cond='data:mobile'>
      <p><data:blogCommentMessage/></p>
      <data:blogTeamBlogMessage/>
      <a expr:href='data:post.commentFormIframeSrc' id='comment-editor-src'/>
      <iframe allowtransparency='true' class='blogger-iframe-colorize blogger-comment-from-post' frameborder='0' height='410' id='comment-editor' name='comment-editor' src='' style='display: none' width='100%'/>
    <b:else/>
      <p><data:blogCommentMessage/></p>
      <data:blogTeamBlogMessage/>
      <a expr:href='data:post.commentFormIframeSrc' id='comment-editor-src'/>
      <iframe allowtransparency='true' class='blogger-iframe-colorize blogger-comment-from-post' frameborder='0' height='410' id='comment-editor' name='comment-editor' src='' width='100%'/>
    </b:if>
    <data:post.friendConnectJs/>
    <data:post.cmtfpIframe/>
    <script type='text/javascript'>
      BLOG_CMT_createIframe(&#39;<data:post.appRpcRelayPath/>&#39;, &#39;<data:post.communityId/>&#39;);
    </script>
  </div>
</b:includable>
              <b:includable id='threaded_comment_js' var='post'>
  <script async='async' expr:src='data:post.commentSrc' type='text/javascript'/>

  <script type='text/javascript'>
    (function() {
      var items = <data:post.commentJso/>;
      var msgs = <data:post.commentMsgs/>;
      var config = <data:post.commentConfig/>;

// <![CDATA[
      var cursor = null;
      if (items && items.length > 0) {
        cursor = parseInt(items[items.length - 1].timestamp) + 1;
      }

      var bodyFromEntry = function(entry) {
        if (entry.gd$extendedProperty) {
          for (var k in entry.gd$extendedProperty) {
            if (entry.gd$extendedProperty[k].name == 'blogger.contentRemoved') {
              return '<span class="deleted-comment">' + entry.content.$t + '</span>';
            }
          }
        }
        return entry.content.$t;
      }

      var parse = function(data) {
        cursor = null;
        var comments = [];
        if (data && data.feed && data.feed.entry) {
          for (var i = 0, entry; entry = data.feed.entry[i]; i++) {
            var comment = {};
            // comment ID, parsed out of the original id format
            var id = /blog-(\d+).post-(\d+)/.exec(entry.id.$t);
            comment.id = id ? id[2] : null;
            comment.body = bodyFromEntry(entry);
            comment.timestamp = Date.parse(entry.published.$t) + '';
            if (entry.author && entry.author.constructor === Array) {
              var auth = entry.author[0];
              if (auth) {
                comment.author = {
                  name: (auth.name ? auth.name.$t : undefined),
                  profileUrl: (auth.uri ? auth.uri.$t : undefined),
                  avatarUrl: (auth.gd$image ? auth.gd$image.src : undefined)
                };
              }
            }
            if (entry.link) {
              if (entry.link[2]) {
                comment.link = comment.permalink = entry.link[2].href;
              }
              if (entry.link[3]) {
                var pid = /.*comments\/default\/(\d+)\?.*/.exec(entry.link[3].href);
                if (pid && pid[1]) {
                  comment.parentId = pid[1];
                }
              }
            }
            comment.deleteclass = 'item-control blog-admin';
            if (entry.gd$extendedProperty) {
              for (var k in entry.gd$extendedProperty) {
                if (entry.gd$extendedProperty[k].name == 'blogger.itemClass') {
                  comment.deleteclass += ' ' + entry.gd$extendedProperty[k].value;
                } else if (entry.gd$extendedProperty[k].name == 'blogger.displayTime') {
                  comment.displayTime = entry.gd$extendedProperty[k].value;
                }
              }
            }
            comments.push(comment);
          }
        }
        return comments;
      };

      var paginator = function(callback) {
        if (hasMore()) {
          var url = config.feed + '?alt=json&v=2&orderby=published&reverse=false&max-results=50';
          if (cursor) {
            url += '&published-min=' + new Date(cursor).toISOString();
          }
          window.bloggercomments = function(data) {
            var parsed = parse(data);
            cursor = parsed.length < 50 ? null
                : parseInt(parsed[parsed.length - 1].timestamp) + 1
            callback(parsed);
            window.bloggercomments = null;
          }
          url += '&callback=bloggercomments';
          var script = document.createElement('script');
          script.type = 'text/javascript';
          script.src = url;
          document.getElementsByTagName('head')[0].appendChild(script);
        }
      };
      var hasMore = function() {
        return !!cursor;
      };
      var getMeta = function(key, comment) {
        if ('iswriter' == key) {
          var matches = !!comment.author
              && comment.author.name == config.authorName
              && comment.author.profileUrl == config.authorUrl;
          return matches ? 'true' : '';
        } else if ('deletelink' == key) {
          return config.baseUri + '/delete-comment.g?blogID='
               + config.blogId + '&postID=' + comment.id;
        } else if ('deleteclass' == key) {
          return comment.deleteclass;
        }
        return '';
      };

      var replybox = null;
      var replyUrlParts = null;
      var replyParent = undefined;

      var onReply = function(commentId, domId) {
        if (replybox == null) {
          // lazily cache replybox, and adjust to suit this style:
          replybox = document.getElementById('comment-editor');
          if (replybox != null) {
            replybox.height = '250px';
            replybox.style.display = 'block';
            replyUrlParts = replybox.src.split('#');
          }
        }
        if (replybox && (commentId !== replyParent)) {
          document.getElementById(domId).insertBefore(replybox, null);
          replybox.src = replyUrlParts[0]
              + (commentId ? '&parentID=' + commentId : '')
              + '#' + replyUrlParts[1];
          replyParent = commentId;
        }
      };

      var hash = (window.location.hash || '#').substring(1);
      var startThread, targetComment;
      if (/^comment-form_/.test(hash)) {
        startThread = hash.substring('comment-form_'.length);
      } else if (/^c[0-9]+$/.test(hash)) {
        targetComment = hash.substring(1);
      }

      // Configure commenting API:
      var configJso = {
        'maxDepth': config.maxThreadDepth
      };
      var provider = {
        'id': config.postId,
        'data': items,
        'loadNext': paginator,
        'hasMore': hasMore,
        'getMeta': getMeta,
        'onReply': onReply,
        'rendered': true,
        'initComment': targetComment,
        'initReplyThread': startThread,
        'config': configJso,
        'messages': msgs
      };

      var render = function() {
        if (window.goog && window.goog.comments) {
          var holder = document.getElementById('comment-holder');
          window.goog.comments.render(holder, provider);
        }
      };

      // render now, or queue to render when library loads:
      if (window.goog && window.goog.comments) {
        render();
      } else {
        window.goog = window.goog || {};
        window.goog.comments = window.goog.comments || {};
        window.goog.comments.loadQueue = window.goog.comments.loadQueue || [];
        window.goog.comments.loadQueue.push(render);
      }
    })();
// ]]>
  </script>
</b:includable>
              <b:includable id='threaded_comments' var='post'>
  <div class='comments' id='comments'>
    <h4><i class='icon-comments'/> <data:post.commentLabelFull/></h4>

    <div class='comments-content'>
      <b:if cond='data:post.embedCommentForm'>
        <b:include data='post' name='threaded_comment_js'/>
      </b:if>
      <div id='comment-holder'>
         <data:post.commentHtml/>
      </div>
    </div>

    <p class='comment-footer'>
      <b:if cond='data:post.allowNewComments'>
        <b:include data='post' name='threaded-comment-form'/>
      <b:else/>
        <data:post.noNewCommentsText/>
      </b:if>
    </p>

    <b:if cond='data:showCmtPopup'>
      <div id='comment-popup'>
        <iframe allowtransparency='true' frameborder='0' id='comment-actions' name='comment-actions' scrolling='no'>
        </iframe>
      </div>
    </b:if>

    <div id='backlinks-container'>
    <div expr:id='data:widget.instanceId + &quot;_backlinks-container&quot;'>
       <b:if cond='data:post.showBacklinks'>
         <b:include data='post' name='backlinks'/>
       </b:if>
    </div>
    </div>
  </div>
</b:includable>
            </b:widget>
          </b:section>
        </div>
        <aside class='sidebar right' id='sidebar-wrapper'>
          <b:section class='sidebar inner' id='sidebar' showaddelement='yes'>
            <b:widget id='PopularPosts1' locked='false' title='Popular Posts' type='PopularPosts'>
              <b:includable id='main'>
  <b:if cond='data:title'><h2><data:title/></h2></b:if>
  <div class='widget-content popular-posts'>
    <ul>
      <b:loop values='data:posts' var='post'>
      <li>
        <b:if cond='data:showThumbnails == &quot;false&quot;'>
          <b:if cond='data:showSnippets == &quot;false&quot;'>
            <!-- (1) No snippet/thumbnail -->
            <a expr:href='data:post.href'><data:post.title/></a>
          <b:else/>
            <!-- (2) Show only snippets -->
            <div class='item-title'><a expr:href='data:post.href'><data:post.title/></a></div>
            <div class='item-snippet'><data:post.snippet/></div>
          </b:if>
        <b:else/>
          <b:if cond='data:showSnippets == &quot;false&quot;'>
            <!-- (3) Show only thumbnails -->
            <div class='item-thumbnail-only'>
              <b:if cond='data:post.thumbnail'>
                <div class='item-thumbnail'>
                  <a expr:href='data:post.href' target='_blank'>
                    <img alt='' border='0' expr:height='data:thumbnailSize' expr:src='data:post.thumbnail' expr:width='data:thumbnailSize'/>
                  </a>
                </div>
              </b:if>
              <div class='item-title'><a expr:href='data:post.href'><data:post.title/></a></div>
            </div>
            <div style='clear: both;'/>
          <b:else/>
            <!-- (4) Show snippets and thumbnails -->
            <div class='item-content'>
              <b:if cond='data:post.thumbnail'>
                <div class='item-thumbnail'>
                  <a expr:href='data:post.href' target='_blank'>
                    <img alt='' border='0' expr:height='data:thumbnailSize' expr:src='data:post.thumbnail' expr:width='data:thumbnailSize'/>
                  </a>
                </div>
              </b:if>
              <div class='item-title'><a expr:href='data:post.href'><data:post.title/></a></div>
              <div class='item-snippet'><data:post.snippet/></div>
            </div>
            <div style='clear: both;'/>
          </b:if>
        </b:if>
      </li>
      </b:loop>
    </ul>
    <b:include name='quickedit'/>
  </div>
</b:includable>
            </b:widget>
            <b:widget id='Label1' locked='false' title='Categories' type='Label'>
              <b:includable id='main'>
  <b:if cond='data:title'>
    <h2><data:title/></h2>
  </b:if>
  <div expr:class='&quot;widget-content &quot; + data:display + &quot;-label-widget-content&quot;'>
    <b:if cond='data:display == &quot;list&quot;'>
      <ul>
      <b:loop values='data:labels' var='label'>
        <li>
          <b:if cond='data:blog.url == data:label.url'>
            <span expr:dir='data:blog.languageDirection'><data:label.name/></span>
          <b:else/>
            <a expr:dir='data:blog.languageDirection' expr:href='data:label.url'><data:label.name/></a>
          </b:if>
          <b:if cond='data:showFreqNumbers'>
            <span dir='ltr'>(<data:label.count/>)</span>
          </b:if>
        </li>
      </b:loop>
      </ul>
    <b:else/>
      <b:loop values='data:labels' var='label'>
        <span expr:class='&quot;label-size label-size-&quot; + data:label.cssSize'>
          <b:if cond='data:blog.url == data:label.url'>
            <span expr:dir='data:blog.languageDirection'><data:label.name/></span>
          <b:else/>
            <a expr:dir='data:blog.languageDirection' expr:href='data:label.url'><data:label.name/></a>
          </b:if>
          <b:if cond='data:showFreqNumbers'>
            <span class='label-count' dir='ltr'>(<data:label.count/>)</span>
          </b:if>
        </span>
      </b:loop>
    </b:if>
    <b:include name='quickedit'/>
  </div>
</b:includable>
            </b:widget>
            <b:widget id='BlogArchive1' locked='false' title='Blog Archive' type='BlogArchive'>
              <b:includable id='main'>
  <b:if cond='data:title'>
    <h2><data:title/></h2>
  </b:if>
  <div class='widget-content'>
  <div id='ArchiveList'>
  <div expr:id='data:widget.instanceId + &quot;_ArchiveList&quot;'>
    <b:if cond='data:style == &quot;HIERARCHY&quot;'>
     <b:include data='data' name='interval'/>
    </b:if>
    <b:if cond='data:style == &quot;FLAT&quot;'>
      <b:include data='data' name='flat'/>
    </b:if>
    <b:if cond='data:style == &quot;MENU&quot;'>
      <b:include data='data' name='menu'/>
    </b:if>
  </div>
  </div>
  <b:include name='quickedit'/>
  </div>
</b:includable>
              <b:includable id='flat' var='data'>
  <ul class='flat'>
    <b:loop values='data:data' var='i'>
      <li class='archivedate'>
        <a expr:href='data:i.url'><data:i.name/></a> (<data:i.post-count/>)
      </li>
    </b:loop>
  </ul>
</b:includable>
              <b:includable id='interval' var='intervalData'>
  <b:loop values='data:intervalData' var='i'>
      <ul class='hierarchy'>
        <li expr:class='&quot;archivedate &quot; + data:i.expclass'>
          <b:include data='i' name='toggle'/>
          <a class='post-count-link' expr:href='data:i.url'><data:i.name/></a>
            <span class='post-count' dir='ltr'>(<data:i.post-count/>)</span>
          <b:if cond='data:i.data'>
            <b:include data='i.data' name='interval'/>
          </b:if>
          <b:if cond='data:i.posts'>
            <b:include data='i.posts' name='posts'/>
          </b:if>
        </li>
      </ul>
  </b:loop>
</b:includable>
              <b:includable id='menu' var='data'>
  <select expr:id='data:widget.instanceId + &quot;_ArchiveMenu&quot;'>
    <option value=''><data:title/></option>
    <b:loop values='data:data' var='i'>
      <option expr:value='data:i.url'><data:i.name/> (<data:i.post-count/>)</option>
    </b:loop>
  </select>
</b:includable>
              <b:includable id='posts' var='posts'>
  <ul class='posts'>
    <b:loop values='data:posts' var='i'>
      <li><a expr:href='data:i.url'><data:i.title/></a></li>
    </b:loop>
  </ul>
</b:includable>
              <b:includable id='toggle' var='interval'>
  <b:if cond='data:interval.toggleId'>
  <b:if cond='data:interval.expclass == &quot;expanded&quot;'>
    <a class='toggle' href='javascript:void(0)'>
      <span class='zippy toggle-open'>&#9660;&#160;</span>
    </a>
  <b:else/>
    <a class='toggle' href='javascript:void(0)'>
      <span class='zippy'>
        <b:if cond='data:blog.languageDirection == &quot;rtl&quot;'>
          &#9668;&#160;
        <b:else/>
          &#9658;&#160;
        </b:if>
      </span>
    </a>
  </b:if>
 </b:if>
</b:includable>
            </b:widget>
          </b:section>
        </aside>
        <div class='clear'/>
      </div>
      <footer class='clear' id='site-footer'>
        <div class='inner'>
          <div class='left'>&amp;copy; 2013 <a expr:href='data:blog.homepageUrl'><data:blog.title/></a></div>
          <div class='right'>Powered by <a href='http://www.blogger.com' title='Blogger'>Blogger</a> Template by <a href='http://www.dte.web.id' title='Dora the Exploder'>:]</a></div>
          <div class='clear'/>
        </div>
      </footer>
    </div>
    <script>
      //<![CDATA[
      (function($, w, d) {
        var $nav = $('#site-nav');
        $nav.find('a').filter(function() {
          return $(this).next().is('ul');
        }).on("click", function() {
          $(this).next()[$(this).next().is(':visible') ? "hide" : "show"]();
          return false;
        }).parent().hover(function() {
          $(this).children('ul').filter(':not(:animated)').slideDown();
        }, function() {
          $(this).children('ul').slideUp();
        });
      })(jQuery, window, document);
      //]]>
    </script>
  </body>
</html>